--[ 범례 테이블 데이터 입력 ]
-- GENDER 테이블
INSERT INTO GENDER(GENDER_CODE, GENDER_RANGE) VALUES('1', '동일');
INSERT INTO GENDER(GENDER_CODE, GENDER_RANGE) VALUES('2', '무관');

-- GROUP_OPEN 테이블
INSERT INTO GROUP_OPEN(GO_CODE, GO_CHECK) VALUES('1', '공개');
INSERT INTO GROUP_OPEN(GO_CODE, GO_CHECK) VALUES('2', '비공개');

-- CATEGORY 테이블
INSERT INTO CATEGORY(CATEGORY_CODE, CATEGORY_LIST) VALUES('1', '자격증');
INSERT INTO CATEGORY(CATEGORY_CODE, CATEGORY_LIST) VALUES('2', '취업');
INSERT INTO CATEGORY(CATEGORY_CODE, CATEGORY_LIST) VALUES('3', '외국어');
INSERT INTO CATEGORY(CATEGORY_CODE, CATEGORY_LIST) VALUES('4', '면접');
INSERT INTO CATEGORY(CATEGORY_CODE, CATEGORY_LIST) VALUES('5', '취미');
INSERT INTO CATEGORY(CATEGORY_CODE, CATEGORY_LIST) VALUES('6', '학업');
INSERT INTO CATEGORY(CATEGORY_CODE, CATEGORY_LIST) VALUES('7', '자기개발');
INSERT INTO CATEGORY(CATEGORY_CODE, CATEGORY_LIST) VALUES('8', '기타');

-- LOCATION_FIRST 테이블
INSERT INTO LOCATION_FIRST(LF_CODE, LF_LIST) VALUES('1', '서울');
INSERT INTO LOCATION_FIRST(LF_CODE, LF_LIST) VALUES('2', '인천');
INSERT INTO LOCATION_FIRST(LF_CODE, LF_LIST) VALUES('3', '경기');
INSERT INTO LOCATION_FIRST(LF_CODE, LF_LIST) VALUES('4', '부산');
INSERT INTO LOCATION_FIRST(LF_CODE, LF_LIST) VALUES('5', '대구');
INSERT INTO LOCATION_FIRST(LF_CODE, LF_LIST) VALUES('6', '광주');
INSERT INTO LOCATION_FIRST(LF_CODE, LF_LIST) VALUES('7', '대전');
INSERT INTO LOCATION_FIRST(LF_CODE, LF_LIST) VALUES('8', '울산');
INSERT INTO LOCATION_FIRST(LF_CODE, LF_LIST) VALUES('9', '세종');
INSERT INTO LOCATION_FIRST(LF_CODE, LF_LIST) VALUES('10', '강원');
INSERT INTO LOCATION_FIRST(LF_CODE, LF_LIST) VALUES('11', '경남');
INSERT INTO LOCATION_FIRST(LF_CODE, LF_LIST) VALUES('12', '경북');
INSERT INTO LOCATION_FIRST(LF_CODE, LF_LIST) VALUES('13', '전남');
INSERT INTO LOCATION_FIRST(LF_CODE, LF_LIST) VALUES('14', '전북');
INSERT INTO LOCATION_FIRST(LF_CODE, LF_LIST) VALUES('15', '충남');
INSERT INTO LOCATION_FIRST(LF_CODE, LF_LIST) VALUES('16', '충북');
INSERT INTO LOCATION_FIRST(LF_CODE, LF_LIST) VALUES('17', '제주');

-- LOCATION_SECOND 테이블
-- 1. 서울
INSERT INTO LOCATION_SECOND(LS_CODE, LS_LIST, LF_CODE) VALUES(LOCATION_SEQ.NEXTVAL, '강남구', '1');
INSERT INTO LOCATION_SECOND(LS_CODE, LS_LIST, LF_CODE) VALUES(LOCATION_SEQ.NEXTVAL, '강동구', '1');
INSERT INTO LOCATION_SECOND(LS_CODE, LS_LIST, LF_CODE) VALUES(LOCATION_SEQ.NEXTVAL, '강북구', '1');
INSERT INTO LOCATION_SECOND(LS_CODE, LS_LIST, LF_CODE) VALUES(LOCATION_SEQ.NEXTVAL, '강서구', '1');
INSERT INTO LOCATION_SECOND(LS_CODE, LS_LIST, LF_CODE) VALUES(LOCATION_SEQ.NEXTVAL, '관악구', '1');
INSERT INTO LOCATION_SECOND(LS_CODE, LS_LIST, LF_CODE) VALUES(LOCATION_SEQ.NEXTVAL, '광진구', '1');
INSERT INTO LOCATION_SECOND(LS_CODE, LS_LIST, LF_CODE) VALUES(LOCATION_SEQ.NEXTVAL, '구로구', '1');
INSERT INTO LOCATION_SECOND(LS_CODE, LS_LIST, LF_CODE) VALUES(LOCATION_SEQ.NEXTVAL, '금천구', '1');
INSERT INTO LOCATION_SECOND(LS_CODE, LS_LIST, LF_CODE) VALUES(LOCATION_SEQ.NEXTVAL, '노원구', '1');
INSERT INTO LOCATION_SECOND(LS_CODE, LS_LIST, LF_CODE) VALUES(LOCATION_SEQ.NEXTVAL, '도봉구', '1');
INSERT INTO LOCATION_SECOND(LS_CODE, LS_LIST, LF_CODE) VALUES(LOCATION_SEQ.NEXTVAL, '동대문구', '1');
INSERT INTO LOCATION_SECOND(LS_CODE, LS_LIST, LF_CODE) VALUES(LOCATION_SEQ.NEXTVAL, '동작구', '1');
INSERT INTO LOCATION_SECOND(LS_CODE, LS_LIST, LF_CODE) VALUES(LOCATION_SEQ.NEXTVAL, '마포구', '1');
INSERT INTO LOCATION_SECOND(LS_CODE, LS_LIST, LF_CODE) VALUES(LOCATION_SEQ.NEXTVAL, '서대문구', '1');
INSERT INTO LOCATION_SECOND(LS_CODE, LS_LIST, LF_CODE) VALUES(LOCATION_SEQ.NEXTVAL, '서초구', '1');
INSERT INTO LOCATION_SECOND(LS_CODE, LS_LIST, LF_CODE) VALUES(LOCATION_SEQ.NEXTVAL, '성동구', '1');
INSERT INTO LOCATION_SECOND(LS_CODE, LS_LIST, LF_CODE) VALUES(LOCATION_SEQ.NEXTVAL, '성북구', '1');
INSERT INTO LOCATION_SECOND(LS_CODE, LS_LIST, LF_CODE) VALUES(LOCATION_SEQ.NEXTVAL, '송파구', '1');
INSERT INTO LOCATION_SECOND(LS_CODE, LS_LIST, LF_CODE) VALUES(LOCATION_SEQ.NEXTVAL, '양천구', '1');
INSERT INTO LOCATION_SECOND(LS_CODE, LS_LIST, LF_CODE) VALUES(LOCATION_SEQ.NEXTVAL, '영등포구', '1');
INSERT INTO LOCATION_SECOND(LS_CODE, LS_LIST, LF_CODE) VALUES(LOCATION_SEQ.NEXTVAL, '용산구', '1');
INSERT INTO LOCATION_SECOND(LS_CODE, LS_LIST, LF_CODE) VALUES(LOCATION_SEQ.NEXTVAL, '은평구', '1');
INSERT INTO LOCATION_SECOND(LS_CODE, LS_LIST, LF_CODE) VALUES(LOCATION_SEQ.NEXTVAL, '종로구', '1');
INSERT INTO LOCATION_SECOND(LS_CODE, LS_LIST, LF_CODE) VALUES(LOCATION_SEQ.NEXTVAL, '중구', '1');
INSERT INTO LOCATION_SECOND(LS_CODE, LS_LIST, LF_CODE) VALUES(LOCATION_SEQ.NEXTVAL, '중랑구', '1');

-- 2. 인천
INSERT INTO LOCATION_SECOND(LS_CODE, LS_LIST, LF_CODE) VALUES(LOCATION_SEQ.NEXTVAL, '강화군', '2');
INSERT INTO LOCATION_SECOND(LS_CODE, LS_LIST, LF_CODE) VALUES(LOCATION_SEQ.NEXTVAL, '계양구', '2');
INSERT INTO LOCATION_SECOND(LS_CODE, LS_LIST, LF_CODE) VALUES(LOCATION_SEQ.NEXTVAL, '남동구', '2');
INSERT INTO LOCATION_SECOND(LS_CODE, LS_LIST, LF_CODE) VALUES(LOCATION_SEQ.NEXTVAL, '동구', '2');
INSERT INTO LOCATION_SECOND(LS_CODE, LS_LIST, LF_CODE) VALUES(LOCATION_SEQ.NEXTVAL, '미추홀구', '2');
INSERT INTO LOCATION_SECOND(LS_CODE, LS_LIST, LF_CODE) VALUES(LOCATION_SEQ.NEXTVAL, '부평구', '2');
INSERT INTO LOCATION_SECOND(LS_CODE, LS_LIST, LF_CODE) VALUES(LOCATION_SEQ.NEXTVAL, '서구', '2');
INSERT INTO LOCATION_SECOND(LS_CODE, LS_LIST, LF_CODE) VALUES(LOCATION_SEQ.NEXTVAL, '연수구', '2');
INSERT INTO LOCATION_SECOND(LS_CODE, LS_LIST, LF_CODE) VALUES(LOCATION_SEQ.NEXTVAL, '웅진군', '2');
INSERT INTO LOCATION_SECOND(LS_CODE, LS_LIST, LF_CODE) VALUES(LOCATION_SEQ.NEXTVAL, '중구', '2');

-- 3. 경기
INSERT INTO LOCATION_SECOND(LS_CODE, LS_LIST, LF_CODE) VALUES(LOCATION_SEQ.NEXTVAL,'가평군', '3');
INSERT INTO LOCATION_SECOND(LS_CODE, LS_LIST, LF_CODE) VALUES(LOCATION_SEQ.NEXTVAL,'고양시', '3');
INSERT INTO LOCATION_SECOND(LS_CODE, LS_LIST, LF_CODE) VALUES(LOCATION_SEQ.NEXTVAL,'과천시', '3');
INSERT INTO LOCATION_SECOND(LS_CODE, LS_LIST, LF_CODE) VALUES(LOCATION_SEQ.NEXTVAL,'광명시', '3');
INSERT INTO LOCATION_SECOND(LS_CODE, LS_LIST, LF_CODE) VALUES(LOCATION_SEQ.NEXTVAL,'광주시', '3');
INSERT INTO LOCATION_SECOND(LS_CODE, LS_LIST, LF_CODE) VALUES(LOCATION_SEQ.NEXTVAL,'구리시', '3');
INSERT INTO LOCATION_SECOND(LS_CODE, LS_LIST, LF_CODE) VALUES(LOCATION_SEQ.NEXTVAL,'군포시', '3');
INSERT INTO LOCATION_SECOND(LS_CODE, LS_LIST, LF_CODE) VALUES(LOCATION_SEQ.NEXTVAL,'김포시', '3');
INSERT INTO LOCATION_SECOND(LS_CODE, LS_LIST, LF_CODE) VALUES(LOCATION_SEQ.NEXTVAL,'남양주시', '3');
INSERT INTO LOCATION_SECOND(LS_CODE, LS_LIST, LF_CODE) VALUES(LOCATION_SEQ.NEXTVAL,'동두천시', '3');
INSERT INTO LOCATION_SECOND(LS_CODE, LS_LIST, LF_CODE) VALUES(LOCATION_SEQ.NEXTVAL,'부천시', '3');
INSERT INTO LOCATION_SECOND(LS_CODE, LS_LIST, LF_CODE) VALUES(LOCATION_SEQ.NEXTVAL,'성남시', '3');
INSERT INTO LOCATION_SECOND(LS_CODE, LS_LIST, LF_CODE) VALUES(LOCATION_SEQ.NEXTVAL,'수원시', '3');
INSERT INTO LOCATION_SECOND(LS_CODE, LS_LIST, LF_CODE) VALUES(LOCATION_SEQ.NEXTVAL,'시흥시', '3');
INSERT INTO LOCATION_SECOND(LS_CODE, LS_LIST, LF_CODE) VALUES(LOCATION_SEQ.NEXTVAL,'안산시', '3');
INSERT INTO LOCATION_SECOND(LS_CODE, LS_LIST, LF_CODE) VALUES(LOCATION_SEQ.NEXTVAL,'안성시', '3');
INSERT INTO LOCATION_SECOND(LS_CODE, LS_LIST, LF_CODE) VALUES(LOCATION_SEQ.NEXTVAL,'안양시', '3');
INSERT INTO LOCATION_SECOND(LS_CODE, LS_LIST, LF_CODE) VALUES(LOCATION_SEQ.NEXTVAL,'양주시', '3');
INSERT INTO LOCATION_SECOND(LS_CODE, LS_LIST, LF_CODE) VALUES(LOCATION_SEQ.NEXTVAL,'양평군', '3');
INSERT INTO LOCATION_SECOND(LS_CODE, LS_LIST, LF_CODE) VALUES(LOCATION_SEQ.NEXTVAL,'여주시', '3');
INSERT INTO LOCATION_SECOND(LS_CODE, LS_LIST, LF_CODE) VALUES(LOCATION_SEQ.NEXTVAL,'연천군', '3');
INSERT INTO LOCATION_SECOND(LS_CODE, LS_LIST, LF_CODE) VALUES(LOCATION_SEQ.NEXTVAL,'오산시', '3');
INSERT INTO LOCATION_SECOND(LS_CODE, LS_LIST, LF_CODE) VALUES(LOCATION_SEQ.NEXTVAL,'용인시', '3');
INSERT INTO LOCATION_SECOND(LS_CODE, LS_LIST, LF_CODE) VALUES(LOCATION_SEQ.NEXTVAL,'의왕시', '3');
INSERT INTO LOCATION_SECOND(LS_CODE, LS_LIST, LF_CODE) VALUES(LOCATION_SEQ.NEXTVAL,'의정부시', '3');
INSERT INTO LOCATION_SECOND(LS_CODE, LS_LIST, LF_CODE) VALUES(LOCATION_SEQ.NEXTVAL,'이천시', '3');
INSERT INTO LOCATION_SECOND(LS_CODE, LS_LIST, LF_CODE) VALUES(LOCATION_SEQ.NEXTVAL,'파주시', '3');
INSERT INTO LOCATION_SECOND(LS_CODE, LS_LIST, LF_CODE) VALUES(LOCATION_SEQ.NEXTVAL,'평택시', '3');
INSERT INTO LOCATION_SECOND(LS_CODE, LS_LIST, LF_CODE) VALUES(LOCATION_SEQ.NEXTVAL,'포천시', '3');
INSERT INTO LOCATION_SECOND(LS_CODE, LS_LIST, LF_CODE) VALUES(LOCATION_SEQ.NEXTVAL,'하남시', '3');
INSERT INTO LOCATION_SECOND(LS_CODE, LS_LIST, LF_CODE) VALUES(LOCATION_SEQ.NEXTVAL,'화성시', '3');

-- 4.부산
INSERT INTO LOCATION_SECOND(LS_CODE, LS_LIST, LF_CODE) VALUES(LOCATION_SEQ.NEXTVAL,'강서구', '4');
INSERT INTO LOCATION_SECOND(LS_CODE, LS_LIST, LF_CODE) VALUES(LOCATION_SEQ.NEXTVAL,'금정구', '4');
INSERT INTO LOCATION_SECOND(LS_CODE, LS_LIST, LF_CODE) VALUES(LOCATION_SEQ.NEXTVAL,'기장군', '4');
INSERT INTO LOCATION_SECOND(LS_CODE, LS_LIST, LF_CODE) VALUES(LOCATION_SEQ.NEXTVAL,'남구', '4');
INSERT INTO LOCATION_SECOND(LS_CODE, LS_LIST, LF_CODE) VALUES(LOCATION_SEQ.NEXTVAL,'동구', '4');
INSERT INTO LOCATION_SECOND(LS_CODE, LS_LIST, LF_CODE) VALUES(LOCATION_SEQ.NEXTVAL,'동래구', '4');
INSERT INTO LOCATION_SECOND(LS_CODE, LS_LIST, LF_CODE) VALUES(LOCATION_SEQ.NEXTVAL,'부산진구', '4');
INSERT INTO LOCATION_SECOND(LS_CODE, LS_LIST, LF_CODE) VALUES(LOCATION_SEQ.NEXTVAL,'북구', '4');
INSERT INTO LOCATION_SECOND(LS_CODE, LS_LIST, LF_CODE) VALUES(LOCATION_SEQ.NEXTVAL,'사상구', '4');
INSERT INTO LOCATION_SECOND(LS_CODE, LS_LIST, LF_CODE) VALUES(LOCATION_SEQ.NEXTVAL,'사하구', '4');
INSERT INTO LOCATION_SECOND(LS_CODE, LS_LIST, LF_CODE) VALUES(LOCATION_SEQ.NEXTVAL,'서구', '4');
INSERT INTO LOCATION_SECOND(LS_CODE, LS_LIST, LF_CODE) VALUES(LOCATION_SEQ.NEXTVAL,'수영구', '4');
INSERT INTO LOCATION_SECOND(LS_CODE, LS_LIST, LF_CODE) VALUES(LOCATION_SEQ.NEXTVAL,'연제구', '4');
INSERT INTO LOCATION_SECOND(LS_CODE, LS_LIST, LF_CODE) VALUES(LOCATION_SEQ.NEXTVAL,'영도구', '4');
INSERT INTO LOCATION_SECOND(LS_CODE, LS_LIST, LF_CODE) VALUES(LOCATION_SEQ.NEXTVAL,'중구', '4');
INSERT INTO LOCATION_SECOND(LS_CODE, LS_LIST, LF_CODE) VALUES(LOCATION_SEQ.NEXTVAL,'해운대구', '4');

-- 5. 대구
INSERT INTO LOCATION_SECOND(LS_CODE, LS_LIST, LF_CODE) VALUES(LOCATION_SEQ.NEXTVAL,'남구', '5');
INSERT INTO LOCATION_SECOND(LS_CODE, LS_LIST, LF_CODE) VALUES(LOCATION_SEQ.NEXTVAL,'달서구', '5');
INSERT INTO LOCATION_SECOND(LS_CODE, LS_LIST, LF_CODE) VALUES(LOCATION_SEQ.NEXTVAL,'달성군', '5');
INSERT INTO LOCATION_SECOND(LS_CODE, LS_LIST, LF_CODE) VALUES(LOCATION_SEQ.NEXTVAL,'동구', '5');
INSERT INTO LOCATION_SECOND(LS_CODE, LS_LIST, LF_CODE) VALUES(LOCATION_SEQ.NEXTVAL,'북구', '5');
INSERT INTO LOCATION_SECOND(LS_CODE, LS_LIST, LF_CODE) VALUES(LOCATION_SEQ.NEXTVAL,'서구', '5');
INSERT INTO LOCATION_SECOND(LS_CODE, LS_LIST, LF_CODE) VALUES(LOCATION_SEQ.NEXTVAL,'수성구', '5');
INSERT INTO LOCATION_SECOND(LS_CODE, LS_LIST, LF_CODE) VALUES(LOCATION_SEQ.NEXTVAL,'중구', '5');

-- 6. 광주
INSERT INTO LOCATION_SECOND(LS_CODE, LS_LIST, LF_CODE) VALUES(LOCATION_SEQ.NEXTVAL,'광산구', '6');
INSERT INTO LOCATION_SECOND(LS_CODE, LS_LIST, LF_CODE) VALUES(LOCATION_SEQ.NEXTVAL,'동구', '6');
INSERT INTO LOCATION_SECOND(LS_CODE, LS_LIST, LF_CODE) VALUES(LOCATION_SEQ.NEXTVAL,'남구', '6');
INSERT INTO LOCATION_SECOND(LS_CODE, LS_LIST, LF_CODE) VALUES(LOCATION_SEQ.NEXTVAL,'북구', '6');
INSERT INTO LOCATION_SECOND(LS_CODE, LS_LIST, LF_CODE) VALUES(LOCATION_SEQ.NEXTVAL,'서구', '6');

-- 7. 대전
INSERT INTO LOCATION_SECOND(LS_CODE, LS_LIST, LF_CODE) VALUES(LOCATION_SEQ.NEXTVAL,'대덕구', '7');
INSERT INTO LOCATION_SECOND(LS_CODE, LS_LIST, LF_CODE) VALUES(LOCATION_SEQ.NEXTVAL,'동구', '7');
INSERT INTO LOCATION_SECOND(LS_CODE, LS_LIST, LF_CODE) VALUES(LOCATION_SEQ.NEXTVAL,'서구', '7');
INSERT INTO LOCATION_SECOND(LS_CODE, LS_LIST, LF_CODE) VALUES(LOCATION_SEQ.NEXTVAL,'유성구', '7');
INSERT INTO LOCATION_SECOND(LS_CODE, LS_LIST, LF_CODE) VALUES(LOCATION_SEQ.NEXTVAL,'중구', '7');

-- 8. 울산
INSERT INTO LOCATION_SECOND(LS_CODE, LS_LIST, LF_CODE) VALUES(LOCATION_SEQ.NEXTVAL,'남구', '8');
INSERT INTO LOCATION_SECOND(LS_CODE, LS_LIST, LF_CODE) VALUES(LOCATION_SEQ.NEXTVAL,'동구', '8');
INSERT INTO LOCATION_SECOND(LS_CODE, LS_LIST, LF_CODE) VALUES(LOCATION_SEQ.NEXTVAL,'북구', '8');
INSERT INTO LOCATION_SECOND(LS_CODE, LS_LIST, LF_CODE) VALUES(LOCATION_SEQ.NEXTVAL,'울주군', '8');
INSERT INTO LOCATION_SECOND(LS_CODE, LS_LIST, LF_CODE) VALUES(LOCATION_SEQ.NEXTVAL,'중구', '8');

-- 9. 세종
INSERT INTO LOCATION_SECOND(LS_CODE, LS_LIST, LF_CODE) VALUES(LOCATION_SEQ.NEXTVAL,'세종', '9');

-- 10. 강원
INSERT INTO LOCATION_SECOND(LS_CODE, LS_LIST, LF_CODE) VALUES(LOCATION_SEQ.NEXTVAL,'강릉시', '10');
INSERT INTO LOCATION_SECOND(LS_CODE, LS_LIST, LF_CODE) VALUES(LOCATION_SEQ.NEXTVAL,'고성군', '10');
INSERT INTO LOCATION_SECOND(LS_CODE, LS_LIST, LF_CODE) VALUES(LOCATION_SEQ.NEXTVAL,'동해시', '10');
INSERT INTO LOCATION_SECOND(LS_CODE, LS_LIST, LF_CODE) VALUES(LOCATION_SEQ.NEXTVAL,'삼척시', '10');
INSERT INTO LOCATION_SECOND(LS_CODE, LS_LIST, LF_CODE) VALUES(LOCATION_SEQ.NEXTVAL,'속초시', '10');
INSERT INTO LOCATION_SECOND(LS_CODE, LS_LIST, LF_CODE) VALUES(LOCATION_SEQ.NEXTVAL,'양구군', '10');
INSERT INTO LOCATION_SECOND(LS_CODE, LS_LIST, LF_CODE) VALUES(LOCATION_SEQ.NEXTVAL,'양양군', '10');
INSERT INTO LOCATION_SECOND(LS_CODE, LS_LIST, LF_CODE) VALUES(LOCATION_SEQ.NEXTVAL,'영월군', '10');
INSERT INTO LOCATION_SECOND(LS_CODE, LS_LIST, LF_CODE) VALUES(LOCATION_SEQ.NEXTVAL,'원주시', '10');
INSERT INTO LOCATION_SECOND(LS_CODE, LS_LIST, LF_CODE) VALUES(LOCATION_SEQ.NEXTVAL,'인제군', '10');
INSERT INTO LOCATION_SECOND(LS_CODE, LS_LIST, LF_CODE) VALUES(LOCATION_SEQ.NEXTVAL,'정선군', '10');
INSERT INTO LOCATION_SECOND(LS_CODE, LS_LIST, LF_CODE) VALUES(LOCATION_SEQ.NEXTVAL,'철원군', '10');
INSERT INTO LOCATION_SECOND(LS_CODE, LS_LIST, LF_CODE) VALUES(LOCATION_SEQ.NEXTVAL,'춘천시', '10');
INSERT INTO LOCATION_SECOND(LS_CODE, LS_LIST, LF_CODE) VALUES(LOCATION_SEQ.NEXTVAL,'태백시', '10');
INSERT INTO LOCATION_SECOND(LS_CODE, LS_LIST, LF_CODE) VALUES(LOCATION_SEQ.NEXTVAL,'평창군', '10');
INSERT INTO LOCATION_SECOND(LS_CODE, LS_LIST, LF_CODE) VALUES(LOCATION_SEQ.NEXTVAL,'홍천군', '10');
INSERT INTO LOCATION_SECOND(LS_CODE, LS_LIST, LF_CODE) VALUES(LOCATION_SEQ.NEXTVAL,'화천군', '10');
INSERT INTO LOCATION_SECOND(LS_CODE, LS_LIST, LF_CODE) VALUES(LOCATION_SEQ.NEXTVAL,'횡성군', '10');

-- 11. 경남
INSERT INTO LOCATION_SECOND(LS_CODE, LS_LIST, LF_CODE) VALUES(LOCATION_SEQ.NEXTVAL,'거제시', '11');
INSERT INTO LOCATION_SECOND(LS_CODE, LS_LIST, LF_CODE) VALUES(LOCATION_SEQ.NEXTVAL,'거창군', '11');
INSERT INTO LOCATION_SECOND(LS_CODE, LS_LIST, LF_CODE) VALUES(LOCATION_SEQ.NEXTVAL,'고성군', '11');
INSERT INTO LOCATION_SECOND(LS_CODE, LS_LIST, LF_CODE) VALUES(LOCATION_SEQ.NEXTVAL,'김해시', '11');
INSERT INTO LOCATION_SECOND(LS_CODE, LS_LIST, LF_CODE) VALUES(LOCATION_SEQ.NEXTVAL,'남해군', '11');
INSERT INTO LOCATION_SECOND(LS_CODE, LS_LIST, LF_CODE) VALUES(LOCATION_SEQ.NEXTVAL,'밀양시', '11');
INSERT INTO LOCATION_SECOND(LS_CODE, LS_LIST, LF_CODE) VALUES(LOCATION_SEQ.NEXTVAL,'사천시', '11');
INSERT INTO LOCATION_SECOND(LS_CODE, LS_LIST, LF_CODE) VALUES(LOCATION_SEQ.NEXTVAL,'산청군', '11');
INSERT INTO LOCATION_SECOND(LS_CODE, LS_LIST, LF_CODE) VALUES(LOCATION_SEQ.NEXTVAL,'양산시', '11');
INSERT INTO LOCATION_SECOND(LS_CODE, LS_LIST, LF_CODE) VALUES(LOCATION_SEQ.NEXTVAL,'의령군', '11');
INSERT INTO LOCATION_SECOND(LS_CODE, LS_LIST, LF_CODE) VALUES(LOCATION_SEQ.NEXTVAL,'진주시', '11');
INSERT INTO LOCATION_SECOND(LS_CODE, LS_LIST, LF_CODE) VALUES(LOCATION_SEQ.NEXTVAL,'창녕군', '11');
INSERT INTO LOCATION_SECOND(LS_CODE, LS_LIST, LF_CODE) VALUES(LOCATION_SEQ.NEXTVAL,'창원시', '11');
INSERT INTO LOCATION_SECOND(LS_CODE, LS_LIST, LF_CODE) VALUES(LOCATION_SEQ.NEXTVAL,'통영시', '11');
INSERT INTO LOCATION_SECOND(LS_CODE, LS_LIST, LF_CODE) VALUES(LOCATION_SEQ.NEXTVAL,'하동군', '11');
INSERT INTO LOCATION_SECOND(LS_CODE, LS_LIST, LF_CODE) VALUES(LOCATION_SEQ.NEXTVAL,'함안군', '11');
INSERT INTO LOCATION_SECOND(LS_CODE, LS_LIST, LF_CODE) VALUES(LOCATION_SEQ.NEXTVAL,'함양군', '11');
INSERT INTO LOCATION_SECOND(LS_CODE, LS_LIST, LF_CODE) VALUES(LOCATION_SEQ.NEXTVAL,'합천군', '11');

-- 12. 경북
INSERT INTO LOCATION_SECOND(LS_CODE, LS_LIST, LF_CODE) VALUES(LOCATION_SEQ.NEXTVAL,'경산시', '12');
INSERT INTO LOCATION_SECOND(LS_CODE, LS_LIST, LF_CODE) VALUES(LOCATION_SEQ.NEXTVAL,'경주시', '12');
INSERT INTO LOCATION_SECOND(LS_CODE, LS_LIST, LF_CODE) VALUES(LOCATION_SEQ.NEXTVAL,'고령군', '12');
INSERT INTO LOCATION_SECOND(LS_CODE, LS_LIST, LF_CODE) VALUES(LOCATION_SEQ.NEXTVAL,'구리시', '12');
INSERT INTO LOCATION_SECOND(LS_CODE, LS_LIST, LF_CODE) VALUES(LOCATION_SEQ.NEXTVAL,'군위군', '12');
INSERT INTO LOCATION_SECOND(LS_CODE, LS_LIST, LF_CODE) VALUES(LOCATION_SEQ.NEXTVAL,'군천시', '12');
INSERT INTO LOCATION_SECOND(LS_CODE, LS_LIST, LF_CODE) VALUES(LOCATION_SEQ.NEXTVAL,'문경시', '12');
INSERT INTO LOCATION_SECOND(LS_CODE, LS_LIST, LF_CODE) VALUES(LOCATION_SEQ.NEXTVAL,'봉화군', '12');
INSERT INTO LOCATION_SECOND(LS_CODE, LS_LIST, LF_CODE) VALUES(LOCATION_SEQ.NEXTVAL,'상주시', '12');
INSERT INTO LOCATION_SECOND(LS_CODE, LS_LIST, LF_CODE) VALUES(LOCATION_SEQ.NEXTVAL,'성주군', '12');
INSERT INTO LOCATION_SECOND(LS_CODE, LS_LIST, LF_CODE) VALUES(LOCATION_SEQ.NEXTVAL,'안동시', '12');
INSERT INTO LOCATION_SECOND(LS_CODE, LS_LIST, LF_CODE) VALUES(LOCATION_SEQ.NEXTVAL,'영덕군', '12');
INSERT INTO LOCATION_SECOND(LS_CODE, LS_LIST, LF_CODE) VALUES(LOCATION_SEQ.NEXTVAL,'영양군', '12');
INSERT INTO LOCATION_SECOND(LS_CODE, LS_LIST, LF_CODE) VALUES(LOCATION_SEQ.NEXTVAL,'영주시', '12');
INSERT INTO LOCATION_SECOND(LS_CODE, LS_LIST, LF_CODE) VALUES(LOCATION_SEQ.NEXTVAL,'영천시', '12');
INSERT INTO LOCATION_SECOND(LS_CODE, LS_LIST, LF_CODE) VALUES(LOCATION_SEQ.NEXTVAL,'예천군', '12');
INSERT INTO LOCATION_SECOND(LS_CODE, LS_LIST, LF_CODE) VALUES(LOCATION_SEQ.NEXTVAL,'울릉군', '12');
INSERT INTO LOCATION_SECOND(LS_CODE, LS_LIST, LF_CODE) VALUES(LOCATION_SEQ.NEXTVAL,'울진군', '12');
INSERT INTO LOCATION_SECOND(LS_CODE, LS_LIST, LF_CODE) VALUES(LOCATION_SEQ.NEXTVAL,'의성군', '12');
INSERT INTO LOCATION_SECOND(LS_CODE, LS_LIST, LF_CODE) VALUES(LOCATION_SEQ.NEXTVAL,'청도군', '12');
INSERT INTO LOCATION_SECOND(LS_CODE, LS_LIST, LF_CODE) VALUES(LOCATION_SEQ.NEXTVAL,'청송군', '12');
INSERT INTO LOCATION_SECOND(LS_CODE, LS_LIST, LF_CODE) VALUES(LOCATION_SEQ.NEXTVAL,'칠곡군', '12');
INSERT INTO LOCATION_SECOND(LS_CODE, LS_LIST, LF_CODE) VALUES(LOCATION_SEQ.NEXTVAL,'포항시', '12');

-- 13. 전남
INSERT INTO LOCATION_SECOND(LS_CODE, LS_LIST, LF_CODE) VALUES(LOCATION_SEQ.NEXTVAL,'강진군', '13');
INSERT INTO LOCATION_SECOND(LS_CODE, LS_LIST, LF_CODE) VALUES(LOCATION_SEQ.NEXTVAL,'고흥군', '13');
INSERT INTO LOCATION_SECOND(LS_CODE, LS_LIST, LF_CODE) VALUES(LOCATION_SEQ.NEXTVAL,'곡성군', '13');
INSERT INTO LOCATION_SECOND(LS_CODE, LS_LIST, LF_CODE) VALUES(LOCATION_SEQ.NEXTVAL,'광양시', '13');
INSERT INTO LOCATION_SECOND(LS_CODE, LS_LIST, LF_CODE) VALUES(LOCATION_SEQ.NEXTVAL,'구례군', '13');
INSERT INTO LOCATION_SECOND(LS_CODE, LS_LIST, LF_CODE) VALUES(LOCATION_SEQ.NEXTVAL,'나주시', '13');
INSERT INTO LOCATION_SECOND(LS_CODE, LS_LIST, LF_CODE) VALUES(LOCATION_SEQ.NEXTVAL,'담양군', '13');
INSERT INTO LOCATION_SECOND(LS_CODE, LS_LIST, LF_CODE) VALUES(LOCATION_SEQ.NEXTVAL,'목포시', '13');
INSERT INTO LOCATION_SECOND(LS_CODE, LS_LIST, LF_CODE) VALUES(LOCATION_SEQ.NEXTVAL,'무안군', '13');
INSERT INTO LOCATION_SECOND(LS_CODE, LS_LIST, LF_CODE) VALUES(LOCATION_SEQ.NEXTVAL,'보성군', '13');
INSERT INTO LOCATION_SECOND(LS_CODE, LS_LIST, LF_CODE) VALUES(LOCATION_SEQ.NEXTVAL,'순천시', '13');
INSERT INTO LOCATION_SECOND(LS_CODE, LS_LIST, LF_CODE) VALUES(LOCATION_SEQ.NEXTVAL,'신안군', '13');
INSERT INTO LOCATION_SECOND(LS_CODE, LS_LIST, LF_CODE) VALUES(LOCATION_SEQ.NEXTVAL,'여수시', '13');
INSERT INTO LOCATION_SECOND(LS_CODE, LS_LIST, LF_CODE) VALUES(LOCATION_SEQ.NEXTVAL,'영광군', '13');
INSERT INTO LOCATION_SECOND(LS_CODE, LS_LIST, LF_CODE) VALUES(LOCATION_SEQ.NEXTVAL,'영암군', '13');
INSERT INTO LOCATION_SECOND(LS_CODE, LS_LIST, LF_CODE) VALUES(LOCATION_SEQ.NEXTVAL,'완도군', '13');
INSERT INTO LOCATION_SECOND(LS_CODE, LS_LIST, LF_CODE) VALUES(LOCATION_SEQ.NEXTVAL,'장성군', '13');
INSERT INTO LOCATION_SECOND(LS_CODE, LS_LIST, LF_CODE) VALUES(LOCATION_SEQ.NEXTVAL,'장흥군', '13');
INSERT INTO LOCATION_SECOND(LS_CODE, LS_LIST, LF_CODE) VALUES(LOCATION_SEQ.NEXTVAL,'진도군', '13');
INSERT INTO LOCATION_SECOND(LS_CODE, LS_LIST, LF_CODE) VALUES(LOCATION_SEQ.NEXTVAL,'함평군', '13');
INSERT INTO LOCATION_SECOND(LS_CODE, LS_LIST, LF_CODE) VALUES(LOCATION_SEQ.NEXTVAL,'해남군', '13');
INSERT INTO LOCATION_SECOND(LS_CODE, LS_LIST, LF_CODE) VALUES(LOCATION_SEQ.NEXTVAL,'화순군', '13');

-- 14. 전북
INSERT INTO LOCATION_SECOND(LS_CODE, LS_LIST, LF_CODE) VALUES(LOCATION_SEQ.NEXTVAL,'고창군', '14');
INSERT INTO LOCATION_SECOND(LS_CODE, LS_LIST, LF_CODE) VALUES(LOCATION_SEQ.NEXTVAL,'군산시', '14');
INSERT INTO LOCATION_SECOND(LS_CODE, LS_LIST, LF_CODE) VALUES(LOCATION_SEQ.NEXTVAL,'김제시', '14');
INSERT INTO LOCATION_SECOND(LS_CODE, LS_LIST, LF_CODE) VALUES(LOCATION_SEQ.NEXTVAL,'남원시', '14');
INSERT INTO LOCATION_SECOND(LS_CODE, LS_LIST, LF_CODE) VALUES(LOCATION_SEQ.NEXTVAL,'무주군', '14');
INSERT INTO LOCATION_SECOND(LS_CODE, LS_LIST, LF_CODE) VALUES(LOCATION_SEQ.NEXTVAL,'부안군', '14');
INSERT INTO LOCATION_SECOND(LS_CODE, LS_LIST, LF_CODE) VALUES(LOCATION_SEQ.NEXTVAL,'순창군', '14');
INSERT INTO LOCATION_SECOND(LS_CODE, LS_LIST, LF_CODE) VALUES(LOCATION_SEQ.NEXTVAL,'완주군', '14');
INSERT INTO LOCATION_SECOND(LS_CODE, LS_LIST, LF_CODE) VALUES(LOCATION_SEQ.NEXTVAL,'익산시', '14');
INSERT INTO LOCATION_SECOND(LS_CODE, LS_LIST, LF_CODE) VALUES(LOCATION_SEQ.NEXTVAL,'임실군', '14');
INSERT INTO LOCATION_SECOND(LS_CODE, LS_LIST, LF_CODE) VALUES(LOCATION_SEQ.NEXTVAL,'장수군', '14');
INSERT INTO LOCATION_SECOND(LS_CODE, LS_LIST, LF_CODE) VALUES(LOCATION_SEQ.NEXTVAL,'전주시', '14');
INSERT INTO LOCATION_SECOND(LS_CODE, LS_LIST, LF_CODE) VALUES(LOCATION_SEQ.NEXTVAL,'정읍시', '14');
INSERT INTO LOCATION_SECOND(LS_CODE, LS_LIST, LF_CODE) VALUES(LOCATION_SEQ.NEXTVAL,'진안군', '14');

-- 15. 충남
INSERT INTO LOCATION_SECOND(LS_CODE, LS_LIST, LF_CODE) VALUES(LOCATION_SEQ.NEXTVAL,'계룡시', '15');
INSERT INTO LOCATION_SECOND(LS_CODE, LS_LIST, LF_CODE) VALUES(LOCATION_SEQ.NEXTVAL,'공주시', '15');
INSERT INTO LOCATION_SECOND(LS_CODE, LS_LIST, LF_CODE) VALUES(LOCATION_SEQ.NEXTVAL,'금산군', '15');
INSERT INTO LOCATION_SECOND(LS_CODE, LS_LIST, LF_CODE) VALUES(LOCATION_SEQ.NEXTVAL,'논산시', '15');
INSERT INTO LOCATION_SECOND(LS_CODE, LS_LIST, LF_CODE) VALUES(LOCATION_SEQ.NEXTVAL,'당진시', '15');
INSERT INTO LOCATION_SECOND(LS_CODE, LS_LIST, LF_CODE) VALUES(LOCATION_SEQ.NEXTVAL,'보령시', '15');
INSERT INTO LOCATION_SECOND(LS_CODE, LS_LIST, LF_CODE) VALUES(LOCATION_SEQ.NEXTVAL,'부여군', '15');
INSERT INTO LOCATION_SECOND(LS_CODE, LS_LIST, LF_CODE) VALUES(LOCATION_SEQ.NEXTVAL,'서산시', '15');
INSERT INTO LOCATION_SECOND(LS_CODE, LS_LIST, LF_CODE) VALUES(LOCATION_SEQ.NEXTVAL,'서촌군', '15');
INSERT INTO LOCATION_SECOND(LS_CODE, LS_LIST, LF_CODE) VALUES(LOCATION_SEQ.NEXTVAL,'아산시', '15');
INSERT INTO LOCATION_SECOND(LS_CODE, LS_LIST, LF_CODE) VALUES(LOCATION_SEQ.NEXTVAL,'연기군', '15');
INSERT INTO LOCATION_SECOND(LS_CODE, LS_LIST, LF_CODE) VALUES(LOCATION_SEQ.NEXTVAL,'예산군', '15');
INSERT INTO LOCATION_SECOND(LS_CODE, LS_LIST, LF_CODE) VALUES(LOCATION_SEQ.NEXTVAL,'천안시', '15');
INSERT INTO LOCATION_SECOND(LS_CODE, LS_LIST, LF_CODE) VALUES(LOCATION_SEQ.NEXTVAL,'청양군', '15');
INSERT INTO LOCATION_SECOND(LS_CODE, LS_LIST, LF_CODE) VALUES(LOCATION_SEQ.NEXTVAL,'태안군', '15');
INSERT INTO LOCATION_SECOND(LS_CODE, LS_LIST, LF_CODE) VALUES(LOCATION_SEQ.NEXTVAL,'홍성군', '15');

-- 16. 충북
INSERT INTO LOCATION_SECOND(LS_CODE, LS_LIST, LF_CODE) VALUES(LOCATION_SEQ.NEXTVAL,'괴산군', '16');
INSERT INTO LOCATION_SECOND(LS_CODE, LS_LIST, LF_CODE) VALUES(LOCATION_SEQ.NEXTVAL,'단양군', '16');
INSERT INTO LOCATION_SECOND(LS_CODE, LS_LIST, LF_CODE) VALUES(LOCATION_SEQ.NEXTVAL,'보은군', '16');
INSERT INTO LOCATION_SECOND(LS_CODE, LS_LIST, LF_CODE) VALUES(LOCATION_SEQ.NEXTVAL,'영동군', '16');
INSERT INTO LOCATION_SECOND(LS_CODE, LS_LIST, LF_CODE) VALUES(LOCATION_SEQ.NEXTVAL,'옥천군', '16');
INSERT INTO LOCATION_SECOND(LS_CODE, LS_LIST, LF_CODE) VALUES(LOCATION_SEQ.NEXTVAL,'응성군', '16');
INSERT INTO LOCATION_SECOND(LS_CODE, LS_LIST, LF_CODE) VALUES(LOCATION_SEQ.NEXTVAL,'제천시', '16');
INSERT INTO LOCATION_SECOND(LS_CODE, LS_LIST, LF_CODE) VALUES(LOCATION_SEQ.NEXTVAL,'증평군', '16');
INSERT INTO LOCATION_SECOND(LS_CODE, LS_LIST, LF_CODE) VALUES(LOCATION_SEQ.NEXTVAL,'진천군', '16');
INSERT INTO LOCATION_SECOND(LS_CODE, LS_LIST, LF_CODE) VALUES(LOCATION_SEQ.NEXTVAL,'청원군', '16');
INSERT INTO LOCATION_SECOND(LS_CODE, LS_LIST, LF_CODE) VALUES(LOCATION_SEQ.NEXTVAL,'청주시', '16');
INSERT INTO LOCATION_SECOND(LS_CODE, LS_LIST, LF_CODE) VALUES(LOCATION_SEQ.NEXTVAL,'충주시', '16');

-- 17. 제주
INSERT INTO LOCATION_SECOND(LS_CODE, LS_LIST, LF_CODE) VALUES(LOCATION_SEQ.NEXTVAL,'서귀포시', '17');
INSERT INTO LOCATION_SECOND(LS_CODE, LS_LIST, LF_CODE) VALUES(LOCATION_SEQ.NEXTVAL,'제주시', '17');


-- AGE 테이블
INSERT INTO AGE(AGE_CODE, AGE_RANGE) VALUES('1', '유사');
INSERT INTO AGE(AGE_CODE, AGE_RANGE) VALUES('2', '무관');
INSERT INTO AGE(AGE_CODE, AGE_RANGE) VALUES('3', '동일');


-- REASON 테이블
-- 1. 회원 탈퇴 유형
INSERT INTO REASON(REASON_CODE, REASON) VALUES('101', '개인정보 노출 우려');
INSERT INTO REASON(REASON_CODE, REASON) VALUES('102', '재가입 목적');
INSERT INTO REASON(REASON_CODE, REASON) VALUES('103', '서비스 불만족');
INSERT INTO REASON(REASON_CODE, REASON) VALUES('104', '이용 안함');
INSERT INTO REASON(REASON_CODE, REASON) VALUES('105', '기타');
INSERT INTO REASON(REASON_CODE, REASON) VALUES('106', '계정 차단');
INSERT INTO REASON(REASON_CODE, REASON) VALUES('107', '회원 탈퇴');

-- 2. 게시글/댓글 관련 신고요청 유형
INSERT INTO REASON(REASON_CODE, REASON) VALUES('201', '스팸, 홍보 도배글');
INSERT INTO REASON(REASON_CODE, REASON) VALUES('202', '음란물');
INSERT INTO REASON(REASON_CODE, REASON) VALUES('203', '불법정보 포함');
INSERT INTO REASON(REASON_CODE, REASON) VALUES('204', '청소년에게 유해한 내용');
INSERT INTO REASON(REASON_CODE, REASON) VALUES('205', '욕설/생명경시/혐오/차별적 표현');
INSERT INTO REASON(REASON_CODE, REASON) VALUES('206', '개인정보 노출 게시물');
INSERT INTO REASON(REASON_CODE, REASON) VALUES('207', '불쾌한 표현');
INSERT INTO REASON(REASON_CODE, REASON) VALUES('208', '카테고리와 맞지 않는 글');
INSERT INTO REASON(REASON_CODE, REASON) VALUES('209', '만남 유도');

-- 3. 호스트 신고요청 유형
INSERT INTO REASON(REASON_CODE, REASON) VALUES('301', '기물파손');
INSERT INTO REASON(REASON_CODE, REASON) VALUES('302', '면학 분위기 훼손');
INSERT INTO REASON(REASON_CODE, REASON) VALUES('303', '퇴실시간 미엄수');
INSERT INTO REASON(REASON_CODE, REASON) VALUES('304', '스터디룸 내 음주/흡연');
INSERT INTO REASON(REASON_CODE, REASON) VALUES('305', '노쇼');
INSERT INTO REASON(REASON_CODE, REASON) VALUES('306', '악의적인 후기');

-- 4. 스터디 그룹원 탈퇴 유형
INSERT INTO REASON(REASON_CODE, REASON) VALUES('401', '목적 달성');
INSERT INTO REASON(REASON_CODE, REASON) VALUES('402', '생각했던 활동 내용과 다름');
INSERT INTO REASON(REASON_CODE, REASON) VALUES('403', '개인사정');
INSERT INTO REASON(REASON_CODE, REASON) VALUES('404', '패널티누적(강제탈퇴)');
INSERT INTO REASON(REASON_CODE, REASON) VALUES('405', '다른 그룹을 가입하기 위해서');
INSERT INTO REASON(REASON_CODE, REASON) VALUES('406', '그룹원과 맞지않음');


-- 5. 스터디 그룹 해체 유형
INSERT INTO REASON(REASON_CODE, REASON) VALUES('501', '그룹원 부재 (모두 탈퇴)');
INSERT INTO REASON(REASON_CODE, REASON) VALUES('502', '강제 해체(패널티 누적)');


-- REDSTATE 테이블
INSERT INTO REDSTATE(RED_CODE, REDSTATE) VALUES('1', '승인');
INSERT INTO REDSTATE(RED_CODE, REDSTATE) VALUES('2', '반려');

-- BOARD_FIRST 테이블
INSERT INTO BOARD_FIRST(BF_CODE, BF_LIST) VALUES('1', '커뮤니티');
INSERT INTO BOARD_FIRST(BF_CODE, BF_LIST) VALUES('2', '중고책방');


-- BOARD_SECOND 테이블
INSERT INTO BOARD_SECOND(BS_CODE, BS_LIST, BF_CODE) VALUES('1', '공부팁', '1');
INSERT INTO BOARD_SECOND(BS_CODE, BS_LIST, BF_CODE) VALUES('2', '고민상담', '1');
INSERT INTO BOARD_SECOND(BS_CODE, BS_LIST, BF_CODE) VALUES('3', '자유게시판', '1');
INSERT INTO BOARD_SECOND(BS_CODE, BS_LIST, BF_CODE) VALUES('4', '질문', '1');
INSERT INTO BOARD_SECOND(BS_CODE, BS_LIST, BF_CODE) VALUES('5', '삽니다', '2');
INSERT INTO BOARD_SECOND(BS_CODE, BS_LIST, BF_CODE) VALUES('6', '팝니다', '2');



-- PERIOD 테이블
INSERT INTO PERIOD(PERIOD_CODE, PERIOD_STATE) VALUES('1', '상시');
INSERT INTO PERIOD(PERIOD_CODE, PERIOD_STATE) VALUES('2', '기간');


-- FRIEND_TYPE 테이블
INSERT INTO FRIEND_TYPE(FT_CODE, FT_STATE) VALUES('1', '찜');
INSERT INTO FRIEND_TYPE(FT_CODE, FT_STATE) VALUES('2', '차단');


-- REGISTRATION_STATE 테이블
INSERT INTO REGISTRATION_STATE(RS_CODE, RS_STATE) VALUES('1', '개설');
INSERT INTO REGISTRATION_STATE(RS_CODE, RS_STATE) VALUES('2', '미개설');


-- FEEDBACK_STATE 테이블
INSERT INTO FEEDBACK_STATE(FB_STATECODE, FB_STATE) VALUES('1', '노쇼');
INSERT INTO FEEDBACK_STATE(FB_STATECODE, FB_STATE) VALUES('2', '완료');
INSERT INTO FEEDBACK_STATE(FB_STATECODE, FB_STATE) VALUES('3', '룰위반');

-- ADMIN_CHECK 테이블
INSERT INTO ADMIN_CHECK(AD_CHCODE, AD_CHECK) VALUES('1', '확인');
INSERT INTO ADMIN_CHECK(AD_CHCODE, AD_CHECK) VALUES('2', '미확인');

-- ATTENDANCE 테이블
INSERT INTO ATTENDANCE(ATT_CODE, ATT_STATE) VALUES('1', '유');
INSERT INTO ATTENDANCE(ATT_CODE, ATT_STATE) VALUES('2', '무');

